"location","source","target","id","fuzzy","context","translator_comments","developer_comments"
"Scripts/Content/Story/NPC/Monster/MST_Addon_Alligator.d:8","Alligator","앨리게이터","","False","Mst_Default_Addon_Alligator.name","",""
"Scripts/Content/Story/NPC/Monster/MST_Addon_Blattcrawler.d:8","Fangheuschrecke","사마귀","","False","Mst_Default_Blattcrawler.name","",""
"Scripts/Content/Story/NPC/Monster/MST_Addon_Bloodhound.d:8","Bluthund","블러드하운드","","False","Mst_Default_Bloodhound.name","",""
"Scripts/Content/Story/NPC/Monster/MST_Addon_Giant_DesertRat.d:8","Wüstenratte","사막쥐","","False","Mst_Default_Giant_DesertRat.name","",""
"Scripts/Content/Story/NPC/Monster/MST_Addon_Gobbo_Warrior.d:8","Goblin - Krieger","고블린 전사","","False","Mst_Default_Gobbo_Warrior.name","",""
"Scripts/Content/Story/NPC/Monster/MST_Addon_IceWolf.d:8","Eiswolf","얼음 늑대","","False","Mst_Default_Icewolf.name","",""
"Scripts/Content/Story/NPC/Monster/MST_Addon_Keiler.d:8","Keiler","멧돼지","","False","Mst_Default_Keiler.name","",""
"Scripts/Content/Story/NPC/Monster/MST_Addon_Mud.d:9","Mud","머드","","False","Mst_Default_Mud.name","",""
"Scripts/Content/Story/NPC/Monster/MST_Addon_OrcBiter.d:8","Beisser","바이터","","False","Mst_Default_OrcBiter.name","",""
"Scripts/Content/Story/NPC/Monster/MST_Addon_Razor.d:8","Razor","레이저","","False","Mst_Default_Razor.name","",""
"Scripts/Content/Story/NPC/Monster/MST_Addon_Shadowbeast_Fire.d:9","Feuerteufel","파이어 데빌","","False","Mst_Default_Shadowbeast_Addon_Fire.name","",""
"Scripts/Content/Story/NPC/Monster/MST_Addon_StoneGuardian.d:8","Steinwächter","돌 수호자","","False","Mst_Addon_Stoneguardian.name","",""
"Scripts/Content/Story/NPC/Monster/MST_Addon_StonePuma.d:8","Panther","팬서","","False","Mst_Default_StonePuma.name","",""
"Scripts/Content/Story/NPC/Monster/MST_Addon_SwampDrone.d:8","Sumpfgasdrone","늪가스 날벌레","","False","Mst_Default_SwampDrone.name","",""
"Scripts/Content/Story/NPC/Monster/MST_Addon_SwampGolem.d:8","Sumpfgolem","늪 골렘","","False","Mst_Default_Addon_SwampGolem.name","",""
"Scripts/Content/Story/NPC/Monster/MST_Addon_SwampRat.d:8","Sumpfratte","늪쥐","","False","Mst_Default_Swamprat.name","",""
"Scripts/Content/Story/NPC/Monster/MST_Addon_SwampZombie.d:8","Sumpfleiche","늪지 시체","","False","Mst_Default_SwampZombie.name","",""
"Scripts/Content/Story/NPC/Monster/MST_Addon_Swarm.d:8","Flugschreckenschwarm","메뚜기 떼","","False","Mst_Default_Swarm.name","",""
"Scripts/Content/Story/NPC/Monster/MST_Bloodfly.d:8","Blutfliege","흡혈파리","","False","Mst_Default_Bloodfly.name","",""
"Scripts/Content/Story/NPC/Monster/MST_Bloodfly.d:104","Kleine Blutfliege","작은 흡혈파리","","False","YBloodfly.name","",""
"Scripts/Content/Story/NPC/Monster/MST_Demon.d:8","Dämon","악마","","False","Mst_Default_Demon.name","",""
"Scripts/Content/Story/NPC/Monster/MST_Demon.d:103","Beschworener Dämon","소환된 악마","","False","Summoned_Demon.name","",""
"Scripts/Content/Story/NPC/Monster/MST_Demon_Lord.d:8","Dämonenlord","악마 군주","","False","Mst_Default_DemonLord.name","",""
"Scripts/Content/Story/NPC/Monster/MST_Draconian.d:8","Echsenmensch","리자드맨","","False","Mst_Default_Draconian.name","",""
"Scripts/Content/Story/NPC/Monster/MST_DragonSnapper.d:8","Drachen-Snapper","드래곤 스내퍼","","False","Mst_Default_DragonSnapper.name","",""
"Scripts/Content/Story/NPC/Monster/MST_DragonSnapper.d:108","Schnaubender Drachen-Snapper","콧김 뿜는 드래곤 스내퍼","","False","Gaans_Snapper.name","",""
"Scripts/Content/Story/NPC/Monster/MST_Dragon_Fire.d:8","Feuerdrache","화염 드래곤","","False","Mst_Default_Dragon_Fire.name","",""
"Scripts/Content/Story/NPC/Monster/MST_Dragon_Fire.d:82","Feomathar","페오마타르","","False","Dragon_Fire.name","",""
"Scripts/Content/Story/NPC/Monster/MST_Dragon_Fire.d:108","Feodaron","페오다론","","False","Dragon_Fire_Island.name","",""
"Scripts/Content/Story/NPC/Monster/MST_Dragon_Ice.d:8","Eisdrache","얼음 드래곤","","False","Mst_Default_Dragon_Ice.name","",""
"Scripts/Content/Story/NPC/Monster/MST_Dragon_Ice.d:82","Finkregh","핀크레그","","False","Dragon_Ice.name","",""
"Scripts/Content/Story/NPC/Monster/MST_Dragon_Rock.d:8","Felsdrache","바위 드래곤","","False","Mst_Default_Dragon_Rock.name","",""
"Scripts/Content/Story/NPC/Monster/MST_Dragon_Rock.d:82","Pedrakhan","페드라칸","","False","Dragon_Rock.name","",""
"Scripts/Content/Story/NPC/Monster/MST_Dragon_Swamp.d:8","Sumpfdrache","늪 드래곤","","False","Mst_Default_Dragon_Swamp.name","",""
"Scripts/Content/Story/NPC/Monster/MST_Dragon_Swamp.d:78","Pandrodor","판드로도르","","False","Dragon_Swamp.name","",""
"Scripts/Content/Story/NPC/Monster/MST_Dragon_Undead.d:8","Untoter Drache","언데드 드래곤","","False","Mst_Default_Dragon_Undead.name","",""
"Scripts/Content/Story/NPC/Monster/MST_FireGolem.d:8","Feuergolem","화염 골렘","","False","Mst_Default_FireGolem.name","",""
"Scripts/Content/Story/NPC/Monster/MST_FireWaran.d:8","Feuerwaran","화염 도마뱀","","False","Mst_Default_FireWaran.name","",""
"Scripts/Content/Story/NPC/Monster/MST_Giant_Bug.d:8","Feldräuber","필드 레이더","","False","Mst_Default_Giant_Bug.name","",""
"Scripts/Content/Story/NPC/Monster/MST_Giant_Bug.d:103","Junger Feldräuber","어린 필드 레이더","","False","YGiant_Bug.name","",""
"Scripts/Content/Story/NPC/Monster/MST_Giant_Bug.d:140","Junger Feldräuber","어린 필드 레이더","","False","YGiant_Bug_VinoRitual1.name","",""
"Scripts/Content/Story/NPC/Monster/MST_Giant_Bug.d:177","Junger Feldräuber","어린 필드 레이더","","False","YGiant_Bug_VinoRitual2.name","",""
"Scripts/Content/Story/NPC/Monster/MST_Giant_Rat.d:8","Riesenratte","거대 쥐","","False","Mst_Default_Giant_Rat.name","",""
"Scripts/Content/Story/NPC/Monster/MST_Giant_Rat.d:105","junge Riesenratte","어린 거대 쥐","","False","YGiant_Rat.name","",""
"Scripts/Content/Story/NPC/Monster/MST_Gobbo_Black.d:8","schwarzer Goblin","블랙 고블린","","False","Mst_Default_Gobbo_Black.name","",""
"Scripts/Content/Story/NPC/Monster/MST_Gobbo_Green.d:8","Goblin","고블린","","False","Mst_Default_Gobbo_Green.name","",""
"Scripts/Content/Story/NPC/Monster/MST_Gobbo_Skeleton.d:8","Goblin Skelett","고블린 스켈레톤","","False","Mst_Default_Gobbo_Skeleton.name","",""
"Scripts/Content/Story/NPC/Monster/MST_Gobbo_Skeleton.d:102","Beschworenes Skelett","소환된 스켈레톤","","False","Summoned_Gobbo_Skeleton.name","",""
"Scripts/Content/Story/NPC/Monster/MST_Harpy.d:8","Harpie","하피","","False","Mst_Default_Harpie.name","",""
"Scripts/Content/Story/NPC/Monster/MST_IceGolem.d:8","Eisgolem","얼음 골렘","","False","Mst_Default_IceGolem.name","",""
"Scripts/Content/Story/NPC/Monster/MST_Lurker.d:8","Lurker","러커","","False","Mst_Default_Lurker.name","",""
"Scripts/Content/Story/NPC/Monster/MST_Meatbug.d:8","Fleischwanze","미트버그","","False","Mst_Default_Meatbug.name","",""
"Scripts/Content/Story/NPC/Monster/MST_Minecrawler.d:8","Minecrawler","마인크롤러","","False","Mst_Default_Minecrawler.name","",""
"Scripts/Content/Story/NPC/Monster/MST_MinecrawlerWarrior.d:8","Minecrawler Warrior","마인크롤러 전사","","False","Mst_Default_MinecrawlerWarrior.name","",""
"Scripts/Content/Story/NPC/Monster/MST_Molerat.d:8","Molerat","두더지쥐","","False","Mst_Default_Molerat.name","",""
"Scripts/Content/Story/NPC/Monster/MST_Scavenger.d:8","Scavenger","스캐빈저","","False","Mst_Default_Scavenger.name","",""
"Scripts/Content/Story/NPC/Monster/MST_Shadowbeast.d:8","Schattenläufer","쉐도우 비스트","","False","Mst_Default_Shadowbeast.name","",""
"Scripts/Content/Story/NPC/Monster/MST_Shadowbeast_Skeleton.d:8","Schattenläuferskelett","쉐도우 비스트 스켈레톤","","False","Mst_Default_Shadowbeast_Skeleton.name","",""
"Scripts/Content/Story/NPC/Monster/MST_Sheep.d:8","Schaf","양","","False","Mst_Default_Sheep.name","",""
"Scripts/Content/Story/NPC/Monster/MST_Sheep.d:142","Liesel","리젤","","False","Follow_Sheep.name","",""
"Scripts/Content/Story/NPC/Monster/MST_Sheep.d:173","Schaf","양","","False","Follow_Sheep_AKIL.name","",""
"Scripts/Content/Story/NPC/Monster/MST_Skeleton.d:8","Skelett","스켈레톤","","False","Mst_Default_Skeleton.name","",""
"Scripts/Content/Story/NPC/Monster/MST_Skeleton.d:120","Beschworenes Skelett","소환된 스켈레톤","","False","Summoned_Skeleton.name","",""
"Scripts/Content/Story/NPC/Monster/MST_Skeleton.d:173","Niederes Skelett","하급 스켈레톤","","False","Lesser_Skeleton.name","",""
"Scripts/Content/Story/NPC/Monster/MST_Skeleton.d:220","Krypta-Wächter","지하묘지 수호자","","False","Crypt_Skeleton_Room_01.name","",""
"Scripts/Content/Story/NPC/Monster/MST_Skeleton.d:246","Krypta-Wächter","지하묘지 수호자","","False","Crypt_Skeleton_Room_02.name","",""
"Scripts/Content/Story/NPC/Monster/MST_Skeleton.d:272","Krypta-Wächter","지하묘지 수호자","","False","Crypt_Skeleton_Room_03.name","",""
"Scripts/Content/Story/NPC/Monster/MST_Skeleton_Lord.d:4","Schattenkrieger","그림자 전사","","False","Mst_Skeleton_Lord.name","",""
"Scripts/Content/Story/NPC/Monster/MST_Skeleton_Lord.d:104","Schattenlord Inubis","그림자 군주 이누비스","","False","Crypt_Skeleton_Lord.name","",""
"Scripts/Content/Story/NPC/Monster/MST_Skeleton_Lord.d:130","Schattenlord Archol","그림자 군주 아르콜","","False","Skeleton_Lord_Archol.name","",""
"Scripts/Content/Story/NPC/Monster/MST_Skeleton_Mage.d:8","Skelettmagier","스켈레톤 마법사","","False","Mst_Default_Skeleton_Mage.name","",""
"Scripts/Content/Story/NPC/Monster/MST_Snapper.d:8","Snapper","스내퍼","","False","Mst_Default_Snapper.name","",""
"Scripts/Content/Story/NPC/Monster/MST_Snapper.d:266","Rudelführer","무리 우두머리","","False","NewMine_LeadSnapper.name","",""
"Scripts/Content/Story/NPC/Monster/MST_StoneGolem.d:98","Beschworener Golem","소환된 골렘","","False","Summoned_Golem.name","",""
"Scripts/Content/Story/NPC/Monster/MST_StoneGolem.d:222","Magischer Golem","마법 골렘","","False","MagicGolem.name","",""
"Scripts/Content/Story/NPC/Monster/MST_Swampshark.d:8","Sumpfhai","늪상어","","False","Mst_Default_Swampshark.name","",""
"Scripts/Content/Story/NPC/Monster/MST_Troll.d:8","Troll","트롤","","False","Mst_Default_Troll.name","",""
"Scripts/Content/Story/NPC/Monster/MST_Troll.d:157","Höhlentroll","동굴 트롤","","False","Troll_DI.name","",""
"Scripts/Content/Story/NPC/Monster/MST_Troll_Black.d:8","Schwarzer Troll","블랙 트롤","","False","Mst_Default_Troll_Black.name","",""
"Scripts/Content/Story/NPC/Monster/MST_Waran.d:8","Waran","도마뱀","","False","Mst_Default_Waran.name","",""
"Scripts/Content/Story/NPC/Monster/MST_Warg.d:8","Warg","와르그","","False","Mst_Default_Warg.name","",""
"Scripts/Content/Story/NPC/Monster/MST_Warg.d:112","Schwarzer Wolf","검은 늑대","","False","BlackWolf.name","",""
"Scripts/Content/Story/NPC/Monster/MST_Wisp.d:8","Irrlicht","도깨비불","","False","Mst_Default_Wisp.name","",""
"Scripts/Content/Story/NPC/Monster/MST_Wolf.d:8","Wolf","울프","","False","Mst_Default_Wolf.name","",""
"Scripts/Content/Story/NPC/Monster/MST_Wolf.d:105","Beschworener Wolf","소환된 늑대","","False","Summoned_Wolf.name","",""
"Scripts/Content/Story/NPC/Monster/MST_Wolf.d:150","Junger Wolf","어린 늑대","","False","YWolf.name","",""
"Scripts/Content/Story/NPC/Monster/MST_Wolf.d:190","Junger Wolf","어린 늑대","","False","PEPES_YWolf1.name","",""
"Scripts/Content/Story/NPC/Monster/MST_Wolf.d:224","Junger Wolf","어린 늑대","","False","PEPES_YWolf2.name","",""
"Scripts/Content/Story/NPC/Monster/MST_Wolf.d:258","Junger Wolf","어린 늑대","","False","PEPES_YWolf3.name","",""
"Scripts/Content/Story/NPC/Monster/MST_Wolf.d:292","Junger Wolf","어린 늑대","","False","PEPES_YWolf4.name","",""
"Scripts/Content/Story/NPC/Monster/MST_Zombie.d:8","Zombie","좀비","","False","Mst_Default_Zombie.name","",""
"Scripts/Content/Story/NPC/Monster/MST_Zombie.d:200","Raven's Knecht","레이븐의 부하","","False","Zombie_Addon_Knecht.name","",""
"Scripts/Content/Story/NPC/Monster/MST_Zombie.d:225","Erweckter Bloodwyn","깨어난 블러드윈","","False","Zombie_Addon_Bloodwyn.name","",""
